year,fdi_vn,fdi_hcm
2015,11800000000.0,3304000000.0000005
2016,12600000000.0,3528000000.0000005
2017,14100000000.0,3948000000.0000005
2018,15500000000.0,4340000000.0
2019,16120000000.0,4513600000.0
2020,15800000000.0,4424000000.0
2021,15660000000.0,4384800000.0
2022,17900000000.0,5012000000.000001
2023,18500000000.0,5180000000.000001
2024,20170000000.0,5647600000.000001
2025,,
