year,grdp_forecast
2026,1989818.1818181872
2027,2101590.9090909064
2028,2213363.6363636553
