year,grdp,fdi_hcm
2015,851000,3304000000.0000005
2016,900000,3528000000.0000005
2017,980000,3948000000.000001
2018,1080000,4340000000.0
2019,1200000,4513600000.0
2020,1250000,4424000000.0
2021,1300000,4384800000.0
2022,1500000,5012000000.000001
2023,1650000,5180000000.000001
2024,1800000,5647600000.000001
2025,2000000,
